<?xml version="1.0" encoding="UTF-8"?>
<project-private xmlns="http://www.netbeans.org/ns/project-private/1">
    <editor-bookmarks xmlns="http://www.netbeans.org/ns/editor-bookmarks/2" lastBookmarkId="0"/>
    <open-files xmlns="http://www.netbeans.org/ns/projectui-open-files/2">
        <group>
            <file>file:/C:/Users/Dawid/Documents/University/First%20Year%20(Level%204)/Programming%20Principles%20II/Coursework2/TrainStation/src/trainstation/TrainStation.java</file>
            <file>file:/C:/Users/Dawid/Documents/University/First%20Year%20(Level%204)/Programming%20Principles%20II/Coursework2/TrainStation/src/trainstation/Passenger.java</file>
            <file>file:/C:/Users/Dawid/Documents/University/First%20Year%20(Level%204)/Programming%20Principles%20II/Coursework2/TrainStation/src/trainstation/PassengerQueue.java</file>
        </group>
    </open-files>
</project-private>
